list,string,condition,letters,asc,desc,ink,width,height
even,wet,word,3,1,0,17187,358,123
even,wary,word,4,0,1,23028,476,133
even,slow,word,4,1,0,21085,465,130
even,odd,word,3,2,0,18790,355,130
even,apt,word,3,1,1,18053,349,162
even,bare,word,4,1,0,23630,472,130
even,fast,word,4,2,0,22034,463,130
even,lax,word,3,1,0,16357,343,130
even,body,word,4,2,1,25071,478,169
even,chin,word,4,1,0,20737,464,130
even,mat,word,3,1,0,17818,361,123
even,limb,word,4,2,0,22650,462,130
even,ball,word,4,3,0,21730,469,130
even,girl,word,4,1,1,20757,461,169
even,year,word,4,0,1,23021,471,133
even,womb,word,4,1,0,25124,475,130
even,foxy,word,4,1,1,23180,461,169
even,our,word,3,0,0,14856,347,94
even,damp,word,4,1,1,27302,469,169
even,true,word,4,1,0,20883,456,123
even,dark,word,4,2,0,23819,469,130
even,slim,word,4,1,0,21274,470,130
even,some,word,4,0,0,23741,455,95
even,long,word,4,1,1,22238,466,169
even,pint,word,4,1,1,21784,480,169
even,wing,word,4,0,1,23192,479,169
even,lion,word,4,1,0,19046,462,130
even,wall,word,4,2,0,21023,467,130
even,clay,word,4,1,1,21433,465,169
even,area,word,4,0,0,22598,466,94
even,vjtk,non-word,4,2,1,20867,475,169
even,wjgk,non-word,4,1,2,24910,475,169
even,xjgk,non-word,4,1,2,24724,471,169
even,jvzk,non-word,4,1,1,21373,458,169
even,xkvj,non-word,4,1,1,22069,448,169
even,pvzk,non-word,4,1,1,23798,477,169
even,qvmk,non-word,4,1,1,25529,468,169
even,tkqv,non-word,4,2,1,23226,467,169
even,fkmv,non-word,4,2,0,24165,466,127
even,tjxk,non-word,4,2,1,22132,461,169
even,hkmv,non-word,4,2,0,24596,478,127
even,fkxj,non-word,4,2,1,23240,437,169
even,sjqk,non-word,4,1,2,24099,460,169
even,qksj,non-word,4,1,2,24099,445,169
even,fkvj,non-word,4,2,1,21975,437,169
even,vkjv,non-word,4,1,1,20804,481,169
even,zmqv,non-word,4,0,1,24510,464,134
even,vjgk,non-word,4,1,2,23459,475,169
even,xjtk,non-word,4,2,1,22132,471,169
even,zjmv,non-word,4,0,1,22151,464,169
even,pvkk,non-word,4,2,1,24851,477,169
even,kkqv,non-word,4,2,1,24785,474,169
even,qvxj,non-word,4,0,2,23016,445,169
even,xkzj,non-word,4,1,1,22638,448,169
even,bkxj,non-word,4,2,1,24227,454,169
even,zkjv,non-word,4,1,1,21373,464,169
even,bkjv,non-word,4,2,1,22962,483,169
even,hkwj,non-word,4,2,1,23857,449,169
even,jktj,non-word,4,2,2,21077,435,169
even,kkwj,non-word,4,2,1,23877,445,169
odd,tiny,word,4,1,1,20698,462,169
odd,neat,word,4,1,0,22256,473,123
odd,ill,word,3,2,0,13166,334,127
odd,her,word,3,1,0,17205,352,130
odd,true,word,4,1,0,20883,456,123
odd,ripe,word,4,0,1,22444,459,169
odd,lush,word,4,2,0,21487,464,130
odd,wry,word,3,0,1,17159,356,133
odd,atom,word,4,1,0,22784,476,123
odd,road,word,4,1,0,22420,472,130
odd,bird,word,4,2,0,22692,485,130
odd,owl,word,3,1,0,15640,339,130
odd,egg,word,3,0,2,20983,353,134
odd,lip,word,3,1,1,16064,342,169
odd,wool,word,4,1,0,20606,467,130
odd,luck,word,4,2,0,20854,462,130
odd,tall,word,4,3,0,19635,453,130
odd,dead,word,4,2,0,25880,477,130
odd,raw,word,3,0,0,16736,349,94
odd,slow,word,4,1,0,21085,465,130
odd,sure,word,4,0,0,21522,455,94
odd,each,word,4,1,0,23193,471,130
odd,that,word,4,3,0,21826,464,130
odd,same,word,4,0,0,24644,455,95
odd,leaf,word,4,2,0,22450,461,130
odd,ink,word,3,1,0,15965,342,127
odd,bay,word,3,1,1,19062,358,169
odd,lung,word,4,1,1,22489,466,169
odd,hall,word,4,3,0,21174,464,130
odd,ball,word,4,3,0,21730,469,130
odd,kkwj,non-word,4,2,1,23877,445,169
odd,bksj,non-word,4,2,1,23664,454,169
odd,zkxj,non-word,4,1,1,22638,435,169
odd,jkwj,non-word,4,1,2,22465,435,169
odd,bkjv,non-word,4,2,1,22962,483,169
odd,jktj,non-word,4,2,2,21077,435,169
odd,sjmv,non-word,4,0,1,22284,466,169
odd,mktj,non-word,4,2,1,23267,455,169
odd,kkvj,non-word,4,2,1,22426,445,169
odd,tjkk,non-word,4,3,1,22489,461,169
odd,mvxj,non-word,4,0,1,22847,455,169
odd,qvtj,non-word,4,1,2,21814,445,169
odd,qksj,non-word,4,1,2,24099,445,169
odd,mvzk,non-word,4,1,0,23563,478,127
odd,hkzj,non-word,4,2,1,22975,449,169
odd,xkwj,non-word,4,1,1,23520,448,169
odd,fkmv,non-word,4,2,0,24165,466,127
odd,hkjv,non-word,4,2,1,22406,478,169
odd,vjmk,non-word,4,1,1,23204,475,169
odd,vkwj,non-word,4,1,1,22255,452,169
odd,vjgk,non-word,4,1,2,23459,475,169
odd,fkxj,non-word,4,2,1,23240,437,169
odd,jvbk,non-word,4,2,1,22962,458,169
odd,mvzm,non-word,4,0,0,24341,488,92
odd,bkxj,non-word,4,2,1,24227,454,169
odd,mkxj,non-word,4,1,1,24469,455,169
odd,zkjv,non-word,4,1,1,21373,464,169
odd,kvzj,non-word,4,1,1,21373,445,169
odd,mvhk,non-word,4,2,0,24596,478,127
odd,tkwj,non-word,4,2,1,22318,438,169
